Player,Link,Tm,Money,Signed Using,YearLeBron James,jamesle01,CLE,30963450,Early Bird,2017Mike Conley,conlemi01,MEM,26540100,Cap Space,2017DeMar DeRozan,derozde01,TOR,26540100,Cap Space,2017James Harden,hardeja01,HOU,26540100,Bird Rights,2017Al Horford,horfoal01,BOS,26540100,Cap Space,2017Russell Westbrook,westbru01,OKC,26540100,Bird Rights,2017Kevin Durant,duranke01,GSW,26540100,Cap Space,2017Dirk Nowitzki,nowitdi01,DAL,25000000,Bird Rights,2017Carmelo Anthony,anthoca01,NYK,24559380,Bird Rights,2017Damian Lillard,lillada01,POR,24328425,1st Round Pick,2017Chris Bosh,boshch01,MIA,23741060,Bird Rights,2017Dwyane Wade,wadedw01,CHI,23200000,Cap Space,2017Dwight Howard,howardw01,ATL,23180275,Cap Space,2017Chris Paul,paulch01,LAC,22868828,Bird Rights,2017Bradley Beal,bealbr01,WAS,22116750,Cap Space,2017Anthony Davis,davisan02,NOP,22116750,1st Round Pick,2017Andre Drummond,drumman01,DET,22116750,Cap Space,2017Chandler Parsons,parsoch01,MEM,22116750,Cap Space,2017Hassan Whiteside,whiteha01,MIA,22116750,Cap Space,2017Harrison Barnes,barneha02,DAL,22116750,Cap Space,2017Derrick Rose,rosede01,NYK,21323250,Bird Rights,2017Marc Gasol,gasolma01,MEM,21165675,Bird Rights,2017Kevin Love,loveke01,CLE,21165675,Bird Rights,2017DeAndre Jordan,jordade01,LAC,21165675,Bird Rights,2017Brook Lopez,lopezbr01,BRK,21165675,Bird Rights,2017Nicolas Batum,batumni01,CHO,20869566,Cap Space,2017LaMarcus Aldridge,aldrila01,SAS,20575005,Cap Space,2017Blake Griffin,griffbl01,LAC,20140838,Bird Rights,2017Paul Millsap,millspa01,ATL,20072033,Bird Rights,2017Ryan Anderson,anderry01,HOU,18735364,Cap Space,2017Allen Crabbe,crabbal01,POR,18500000,Cap Space,2017Paul George,georgpa01,IND,18314532,1st Round Pick,2017Luol Deng,denglu01,LAL,18000000,Cap Space,2017Kawhi Leonard,leonaka01,SAS,17638063,Bird Rights,2017Kyrie Irving,irvinky01,CLE,17638063,Bird Rights,2017Jimmy Butler,butleji01,CHI,17552209,Bird Rights,2017Tobias Harris,harrito02,DET,17200000,Bird Rights,2017Enes Kanter,kanteen01,OKC,17145838,Bird Rights,2017Wesley Matthews,matthwe02,DAL,17100000,Cap Space,2017Greg Monroe,monrogr01,MIL,17100000,Cap Space,2017Evan Fournier,fournev01,ORL,17000000,Cap Space,2017Joakim Noah,noahjo01,NYK,17000000,Cap Space,2017Bismack Biyombo,biyombi01,ORL,17000000,Cap Space,2017John Wall,walljo01,WAS,16957900,1st Round Pick,2017DeMarcus Cousins,couside01,NOP,16957900,1st Round Pick,2017Klay Thompson,thompkl01,GSW,16663575,1st Round Pick,2017Evan Turner,turneev01,POR,16393443,Cap Space,2017Gordon Hayward,haywago01,UTA,16073140,Bird Rights,2017Timofey Mozgov,mozgoti01,LAL,16000000,Cap Space,2017Ian Mahinmi,mahinia01,WAS,15944154,Cap Space,2017Goran Dragic,dragigo01,MIA,15890000,Bird Rights,2017Kent Bazemore,bazemke01,ATL,15730338,Cap Space,2017Pau Gasol,gasolpa01,SAS,15500000,Cap Space,2017Draymond Green,greendr01,GSW,15330435,Bird Rights,2017Tristan Thompson,thomptr01,CLE,15330435,Bird Rights,2017Khris Middleton,middlkh01,MIL,15200000,Bird Rights,2017Danilo Gallinari,gallida01,DEN,15050000,,2017Jeff Green,greenje02,ORL,15000000,Cap Space,2017Reggie Jackson,jacksre01,DET,14956522,Bird Rights,2017Tony Parker,parketo01,SAS,14445313,Bird Rights,2017Jonas Valanciunas,valanjo01,TOR,14382022,1st Round Pick,2017DeMarre Carroll,carrode01,TOR,14200000,Cap Space,2017Thaddeus Young,youngth01,IND,14153652,Bird Rights,2017Eric Bledsoe,bledser01,PHO,14000000,Bird Rights,2017Rajon Rondo,rondora01,CHI,14000000,Cap Space,2017Manu Ginobili,ginobma01,SAS,14000000,Cap Space,2017Ricky Rubio,rubiori01,MIN,13550000,1st Round Pick,2017Rudy Gay,gayru01,SAC,13333333,Bird Rights,2017Jamal Crawford,crawfja01,LAC,13253012,Cap Space,2017Robin Lopez,lopezro01,CHI,13219250,Cap Space,2017Michael Kidd-Gilchrist,kiddgmi01,CHO,13000000,1st Round Pick,2017J.R. Smith,smithjr01,CLE,12800000,Bird Rights,2017Brandon Knight,knighbr03,PHO,12606250,,2017John Henson,hensojo01,MIL,12517606,1st Round Pick,2017Jordan Clarkson,clarkjo01,LAL,12500000,Cap Space,2017Miles Plumlee,plumlmi01,CHO,12500000,Bird Rights,2017Arron Afflalo,afflaar01,SAC,12500000,Cap Space,2017Tyson Chandler,chandty01,PHO,12415000,Cap Space,2017Eric Gordon,gordoer01,HOU,12385364,Cap Space,2017Marvin Williams,willima02,CHO,12250000,Cap Space,2017Serge Ibaka,ibakase01,TOR,12250000,Bird Rights,2017Stephen Curry,curryst01,GSW,12112359,Bird Rights,2017Nikola Pekovic,pekovni01,MIN,12100000,Bird Rights,2017Kenneth Faried,farieke01,DEN,12078652,1st Round Pick,2017Marcin Gortat,gortama01,WAS,12000000,Bird Rights,2017Kemba Walker,walkeke02,CHO,12000000,1st Round Pick,2017Kyle Lowry,lowryky01,TOR,12000000,Bird Rights,2017Amir Johnson,johnsam01,BOS,12000000,Cap Space,2017Nikola Vucevic,vucevni01,ORL,11750000,Bird Rights,2017Jeremy Lin,linje01,BRK,11483254,Cap Space,2017Jrue Holiday,holidjr01,NOP,11286518,Bird Rights,2017Courtney Lee,leeco01,NYK,11242000,Cap Space,2017Solomon Hill,hillso01,NOP,11241218,Cap Space,2017Wilson Chandler,chandwi01,DEN,11200000,,2017Andre Iguodala,iguodan01,GSW,11131368,Bird Rights,2017Derrick Favors,favorde01,UTA,11050000,1st Round Pick,2017Andrew Bogut,bogutan01,PHI,11027027,,2017Austin Rivers,riverau01,LAC,11000000,Cap Space,2017Joe Johnson,johnsjo02,UTA,11000000,Cap Space,2017Jon Leuer,leuerjo01,DET,10991957,Cap Space,2017Monta Ellis,ellismo01,IND,10770000,Cap Space,2017Tyreke Evans,evansty01,SAC,10661286,Bird Rights,2017Mirza Teletovic,teletmi01,MIL,10500000,Cap Space,2017Jared Dudley,dudleja01,PHO,10470000,Cap Space,2017Zach Randolph,randoza01,MEM,10361445,Bird Rights,2017Al Jefferson,jeffeal01,IND,10230179,Cap Space,2017Alec Burks,burksal01,UTA,10154495,1st Round Pick,2017Terrence Ross,rosste01,ORL,10000000,Rookie scale extension,2017Danny Green,greenda02,SAS,10000000,Bird Rights,2017Omer Asik,asikom01,NOP,9904494,Bird Rights,2017Iman Shumpert,shumpim01,CLE,9700000,Bird Rights,2017Matthew Dellavedova,dellama01,MIL,9607500,Cap Space,2017Jerryd Bayless,bayleje01,PHI,9424084,Cap Space,2017Trevor Booker,booketr01,BRK,9250000,Cap Space,2017Meyers Leonard,leoname01,POR,9213484,Cap Space,2017Gerald Henderson,hendege02,PHI,9000000,Cap Space,2017Deron Williams,willide01,DAL,9000000,,2017Maurice Harkless,harklma01,POR,8988764,Cap Space,2017Taj Gibson,gibsota01,OKC,8950000,Bird Rights,2017Jeff Teague,teaguje01,IND,8800000,Bird Rights,2017Tiago Splitter,splitti01,PHI,8550000,Bird Rights,2017Ersan Ilyasova,ilyaser01,ATL,8400000,Bird Rights,2017Dwight Powell,poweldw01,DAL,8375000,Cap Space,2017Avery Bradley,bradlav01,BOS,8269663,Bird Rights,2017E'Twaun Moore,mooreet01,NOP,8081363,Cap Space,2017Darrell Arthur,arthuda01,DEN,8070175,Cap Space,2017Kosta Koufos,koufoko01,SAC,8046500,Cap Space,2017Garrett Temple,templga01,SAC,8000000,Cap Space,2017Anthony Tolliver,tollian01,SAC,8000000,Cap Space,2017George Hill,hillge01,UTA,8000000,Bird Rights,2017Sergio Rodriguez,rodrise01,PHI,8000000,Cap Space,2017Kevin Garnett,garneke01,MIN,8000000,,2017Tyler Zeller,zellety01,BOS,8000000,Cap Space,2017Trevor Ariza,arizatr01,HOU,7806971,Bird Rights,2017Channing Frye,fryech01,CLE,7806971,Cap Space,2017Jose Calderon,caldejo01,LAL,7708427,,2017Al-Farouq Aminu,aminual01,POR,7680965,Cap Space,2017Cole Aldrich,aldrico01,MIN,7643979,Cap Space,2017Corey Brewer,breweco01,LAL,7600000,Cap Space,2017Markieff Morris,morrima02,WAS,7400000,Bird Rights,2017Festus Ezeli,ezelife01,POR,7400000,Cap Space,2017J.J. Redick,redicjj01,LAC,7377500,Bird Rights,2017Cory Joseph,josepco01,TOR,7330000,Cap Space,2017D.J. Augustin,augusdj01,ORL,7250000,Cap Space,2017Boban Marjanovic,marjabo01,DET,7000000,Cap Space,2017Lou Williams,willilo02,HOU,7000000,Cap Space,2017Boris Diaw,diawbo01,UTA,7000000,Bird Rights,2017Rodney Stuckey,stuckro01,IND,7000000,,2017Ed Davis,davised01,POR,6666667,Cap Space,2017Isaiah Thomas,thomais02,BOS,6587132,,2017Victor Oladipo,oladivi01,OKC,6552960,1st Round Pick,2017Jodie Meeks,meeksjo01,ORL,6540000,Cap Space,2017Jeremy Lamb,lambje01,CHO,6511628,Rookie scale extension,2017Carl Landry,landrca01,PHI,6500000,,2017Aron Baynes,baynear01,DET,6500000,Cap Space,2017Spencer Hawes,hawessp01,MIL,6348759,MLE,2017Marco Belinelli,belinma01,CHO,6333333,Cap Space,2017Jae Crowder,crowdja01,BOS,6286408,Bird Rights,2017Lance Thomas,thomala01,NYK,6191000,Cap Space,2017Tarik Black,blackta01,LAL,6191000,Cap Space,2017Matt Barnes,barnema02,SAC,6125000,,2017Andrew Nicholson,nichoan01,BRK,6088993,Cap Space,2017Patrick Patterson,pattepa01,TOR,6050000,Bird Rights,2017Andrew Wiggins,wiggian01,MIN,6006600,1st Round Pick,2017Ish Smith,smithis01,DET,6000000,Cap Space,2017Patrick Beverley,beverpa01,HOU,6000000,Bird Rights,2017Wayne Ellington,ellinwa01,MIA,6000000,Cap Space,2017Ramon Sessions,sessira01,CHO,6000000,Cap Space,2017Alex Abrines,abrinal01,OKC,5994764,Cap Space,2017Karl-Anthony Towns,townska01,MIN,5960160,1st round pick,2017Ben Simmons,simmobe01,PHI,5903160,1st Round pick,2017Otto Porter,porteot01,WAS,5893981,1st Round Pick,2017Josh McRoberts,mcrobjo01,MIA,5782450,MLE,2017Shaun Livingston,livinsh01,GSW,5782450,MLE,2017Nikola Mirotic,mirotni01,CHI,5782450,Cap Space,2017Brandan Wright,wrighbr03,MEM,5700000,MLE,2017Tyler Johnson,johnsty01,MIA,5628000,Cap Space,2017Wesley Johnson,johnswe01,LAC,5628000,Cap Space,2017Jared Sullinger,sullija01,PHO,5628000,,2017Tony Allen,allento01,MEM,5505618,Bird Rights,2017Deron Williams,willide01,BRK,5500000,,2017Nick Young,youngni01,LAL,5443918,Cap Space,2017Josh Smith,smithjo03,DET,5400000,,2017Jabari Parker,parkeja01,MIL,5374320,1st Round Pick,2017D'Angelo Russell,russeda01,LAL,5332800,1st round pick,2017Cody Zeller,zelleco01,CHO,5318313,1st Round Pick,2017P.J. Tucker,tuckepj01,TOR,5300000,Cap Space,2017Brandon Ingram,ingrabr01,LAL,5281680,1st Round pick,2017Kyle Korver,korveky01,CLE,5239437,Bird Rights,2017Darren Collison,collida01,SAC,5229454,MLE,2017Langston Galloway,gallola01,SAC,5200000,Cap Space,2017Jason Smith,smithja02,WAS,5000000,Cap Space,2017C.J. Watson,watsocj01,ORL,5000000,Cap Space,2017Roy Hibbert,hibbero01,DEN,5000000,Cap Space,2017Luis Scola,scolalu01,BRK,5000000,,2017Jonas Jerebko,jerebjo01,BOS,5000000,Bird Rights,2017Kyle Singler,singlky01,OKC,4837500,Bird Rights,2017Mike Dunleavy,dunlemi02,ATL,4837500,Early Bird Rights,2017Brandon Jennings,jennibr01,NYK,4837318,,2017Joel Embiid,embiijo01,PHI,4826160,1st Round Pick,2017Alex Len,lenal01,PHO,4823621,1st Round Pick,2017Jahlil Okafor,okafoja01,PHI,4788840,1st round pick,2017Jaylen Brown,brownja02,BOS,4743000,1st Rd pick,2017Marcus Morris,morrima03,DET,4625000,Bird Rights,2017Alexis Ajinca,ajincal01,NOP,4600000,Early Bird Rights,2017Derrick Williams,willide02,MIA,4598000,,2017C.J. Miles,milescj01,IND,4583450,MLE,2017Jameer Nelson,nelsoja01,DEN,4540525,Cap Space,2017Nerlens Noel,noelne01,DAL,4384490,1st Round Pick,2017Aaron Gordon,gordoaa01,ORL,4351320,1st Round Pick,2017Greivis Vasquez,vasqugr01,BRK,4347826,,2017Kristaps Porzingis,porzikr01,NYK,4317720,1st round pick,2017Dragan Bender,bendedr01,PHO,4276320,1st Round pick,2017Vince Carter,cartevi01,MEM,4264057,,2017Devin Harris,harride01,DAL,4228000,Cap Space,2017J.J. Barea,bareajo01,DAL,4096950,Cap Space,2017Ben McLemore,mclembe01,SAC,4008882,1st Round Pick,2017Lance Stephenson,stephla01,IND,4000000,Cap space,2017Leandro Barbosa,barbole01,PHO,4000000,Cap Space,2017Udonis Haslem,hasleud01,MIA,4000000,Cap Space,2017James Johnson,johnsja01,MIA,4000000,Cap Space,2017Lavoy Allen,allenla01,IND,4000000,,2017Kris Humphries,humphkr01,ATL,4000000,Cap Space,2017Dante Exum,exumda01,UTA,3940320,1st Round Pick,2017Jordan Hill,hilljo01,MIN,3911380,Cap Space,2017Mario Hezonja,hezonma01,ORL,3909840,1st round pick,2017Kyle O'Quinn,oquinky01,NYK,3900000,Bird Rights,2017Kris Dunn,dunnkr01,MIN,3872520,1st Round pick,2017Thabo Sefolosha,sefolth01,ATL,3850000,,2017Nemanja Bjelica,bjeline01,MIN,3800000,MLE,2017Nick Collison,collini01,OKC,3750000,Bird Rights,2017Bojan Bogdanovic,bogdabo02,WAS,3730653,MLE,2017Kentavious Caldwell-Pope,caldwke01,DET,3678319,1st Round Pick,2017Quincy Pondexter,pondequ01,NOP,3617978,1st Round Pick,2017Patty Mills,millspa02,SAS,3578948,Bird Rights,2017Marcus Smart,smartma01,BOS,3578880,1st Round Pick,2017Willie Cauley-Stein,caulewi01,SAC,3551160,1st round pick,2017Will Barton,bartowi01,DEN,3533333,Bird Rights,2017Buddy Hield,hieldbu01,SAC,3517200,1st Round pick,2017Paul Pierce,piercpa01,LAC,3500000,Mini MLE,2017Brandon Rush,rushbr01,MIN,3500000,Cap Space,2017Mike Miller,millemi01,DEN,3500000,Cap Space,2017Anthony Morrow,morroan01,CHI,3488000,Cap Space,2017Trey Burke,burketr01,WAS,3386598,1st Round Pick,2017Mike Scott,scottmi01,PHO,3333334,,2017K.J. McDaniels,mcdankj01,BRK,3333333,Mid-level exception,2017Troy Daniels,danietr01,MEM,3332940,Cap Space,2017Julius Randle,randlju01,LAL,3267120,1st Round Pick,2017Emmanuel Mudiay,mudiaem01,DEN,3241800,1st round pick,2017CJ McCollum,mccolcj01,POR,3219579,1st Round Pick,2017Jamal Murray,murraja01,DEN,3210840,1st Round pick,2017Michael Carter-Williams,cartemi01,CHI,3183526,1st Round Pick,2017Steven Adams,adamsst01,OKC,3140517,1st Round Pick,2017Kelly Olynyk,olynyke01,BOS,3094014,1st Round Pick,2017Shabazz Muhammad,muhamsh01,MIN,3046299,1st Round Pick,2017Justin Hamilton,hamilju01,BRK,3000000,Cap Space,2017Tibor Pleiss,pleisti01,PHI,3000000,,2017Omri Casspi,casspom01,NOP,3000000,,2017Giannis Antetokounmpo,antetgi01,MIL,2995421,1st Round Pick,2017Nik Stauskas,stausni01,PHI,2993040,1st Round Pick,2017Dante Cunningham,cunnida01,NOP,2978250,MLE,2017Stanley Johnson,johnsst04,DET,2969880,1st round pick,2017Marquese Chriss,chrisma01,PHO,2941440,1st Rd pick,2017Mindaugas Kuzminskas,kuzmimi01,NYK,2898000,Room Exception,2017James Ennis,ennisja01,MEM,2898000,Room exception,2017Seth Curry,curryse01,DAL,2898000,Room exception,2017Dewayne Dedmon,dedmode01,SAS,2898000,Room exception,2017Dion Waiters,waitedi01,MIA,2898000,Room exception,2017Nene Hilario,hilarne01,HOU,2898000,Room exception,2017Zaza Pachulia,pachuza01,GSW,2898000,Room Exception,2017Tomas Satoransky,satorto01,WAS,2870813,Cap Space,2017Noah Vonleh,vonleno01,POR,2751360,1st Round Pick,2017Frank Kaminsky,kaminfr01,CHO,2730000,1st round pick,2017Dennis Schroder,schrode01,ATL,2708582,1st Round Pick,2017Jakob Poeltl,poeltja01,TOR,2703960,1st Round pick,2017Aaron Brooks,brookaa01,IND,2700000,Cap Space,2017Elfrid Payton,paytoel01,ORL,2613600,1st Round Pick,2017Justise Winslow,winslju01,MIA,2593440,1st round pick,2017Thon Maker,makerth01,MIL,2568600,1st Round pick,2017Ronnie Price,pricero01,OKC,2557545,,2017Richard Jefferson,jefferi01,CLE,2500000,Cap Space,2017Malcolm Delaney,delanma01,ATL,2500000,Room Exception,2017Randy Foye,foyera01,BRK,2500000,Cap Space,2017Doug McDermott,mcderdo01,OKC,2483040,1st Round Pick,2017Myles Turner,turnemy01,IND,2463840,1st round pick,2017Domantas Sabonis,sabondo01,OKC,2440200,1st Round pick,2017Shelvin Mack,macksh01,UTA,2433334,,2017Tony Snell,snellto01,MIL,2368327,1st Round Pick,2017Gorgui Dieng,dienggo01,MIN,2348783,1st Round Pick,2017Trey Lyles,lylestr01,UTA,2340600,1st round pick,2017Mason Plumlee,plumlma01,DEN,2328530,1st Round Pick,2017Dario Saric,saricda01,PHI,2318280,1st Round pick,2017Taurean Prince,princta02,ATL,2318280,1st Round pick,2017Tim Hardaway,hardati02,ATL,2281605,1st Round Pick,2017Reggie Bullock,bullore01,DET,2255644,1st Round Pick,2017Joe Ingles,inglejo01,UTA,2250000,Cap Space,2017Zach LaVine,lavinza01,MIN,2240880,1st Round Pick,2017Devin Booker,bookede01,PHO,2223600,1st round pick,2017Luc Mbah a Moute,mbahalu01,LAC,2203000,Bi-annual Exception,2017Georgios Papagiannis,papagge01,SAC,2202240,1st Round pick,2017Mo Williams,willima01,DEN,2200000,,2017Andre Roberson,roberan03,OKC,2183072,1st Round Pick,2017T.J. Warren,warretj01,PHO,2128920,1st Round Pick,2017Rudy Gobert,goberru01,UTA,2121288,1st Round Pick,2017Cameron Payne,payneca01,CHI,2112480,1st round pick,2017Archie Goodwin,goodwar01,PHO,2094089,,2017Denzel Valentine,valende01,CHI,2092200,1st Round pick,2017Tim Frazier,fraziti01,NOP,2090000,Room exception,2017Adreian Payne,paynead01,MIN,2022240,1st Round Pick,2017Kelly Oubre,oubreke01,WAS,2006640,1st round pick,2017Juan Hernangomez,hernaju01,DEN,1987440,1st Round pick,2017Anderson Varejao,varejan01,POR,1984005,,2017Lucas Nogueira,noguelu01,TOR,1921320,1st Round Pick,2017Jusuf Nurkic,nurkiju01,POR,1921320,1st Round Pick,2017Terry Rozier,roziete01,BOS,1906440,1st round pick,2017Tim Duncan,duncati01,SAS,1881250,,2017Larry Sanders,sandela01,MIL,1865547,,2017James Young,youngja01,BOS,1825200,1st Round Pick,2017Rashad Vaughn,vaughra01,MIL,1811040,1st round pick,2017Kevin Seraphin,serapke01,IND,1800000,Cap Space,2017Wade Baldwin,baldwwa01,MEM,1793760,1st Round pick,2017Quincy Acy,acyqu01,BRK,1790902,Cap space,2017Tyler Ennis,ennisty01,LAL,1733880,1st Round Pick,2017Sam Dekker,dekkesa01,HOU,1720560,1st Round pick,2017Joffrey Lauvergne,lauvejo01,CHI,1709720,MLE,2017Henry Ellenson,ellenhe01,DET,1704120,1st Round pick,2017Gary Harris,harriga01,DEN,1655880,1st Round Pick,2017Jerian Grant,grantje02,CHI,1643040,1st Round pick,2017Malik Beasley,beaslma01,DEN,1627320,1st Round pick,2017Bruno Caboclo,cabocbr01,TOR,1589640,1st Round Pick,2017Delon Wright,wrighde01,TOR,1577280,1st Round pick,2017Caris LeVert,leverca01,BRK,1562280,1st Round pick,2017David Lee,leeda02,SAS,1551659,Minimum Salary,2017Lou Amundson,amundlo01,NYK,1551659,,2017Steve Novak,novakst01,MIL,1551659,,2017Jason Terry,terryja01,MIL,1551659,Minimum Salary,2017Metta World Peace,artesro01,LAL,1551659,Minimum Salary,2017Brandon Bass,bassbr01,LAC,1551659,Minimum Salary,2017Raymond Felton,feltora01,LAC,1551659,Minimum Salary,2017Anderson Varejao,varejan01,GSW,1551659,,2017David West,westda01,GSW,1551659,Minimum Salary,2017Beno Udrih,udrihbe01,DET,1551659,Minimum Salary,2017James Jones,jonesja02,CLE,1551659,Minimum Salary,2017Chris Andersen,anderch01,CHO,1551659,,2017Jarrett Jack,jackja01,ATL,1551659,,2017Mitch McGary,mcgarmi01,OKC,1526040,,2017Justin Anderson,anderju01,PHI,1514160,1st Round pick,2017Marcelo Huertas,huertma01,HOU,1500000,,2017DeAndre' Bembry,bembrde01,ATL,1499760,1st Round pick,2017Jordan Adams,adamsjo01,MEM,1465080,,2017Bobby Portis,portibo01,CHI,1453680,1st Round pick,2017Demetrius Jackson,jacksde01,BOS,1450000,Cap Space,2017Malachi Richardson,richama01,SAC,1439880,1st Round pick,2017Sasha Vujacic,vujacsa01,NYK,1410598,Minimum Salary,2017Gerald Green,greenge01,BOS,1410598,Minimum Salary,2017Rodney Hood,hoodro01,UTA,1406520,1st Round Pick,2017Michael Beasley,beaslmi01,MIL,1403611,Minimum Salary,2017Marreese Speights,speigma01,LAC,1403611,Minimum Salary,2017JaVale McGee,mcgeeja01,GSW,1403611,Minimum Salary,2017Alonzo Gee,geeal01,NOP,1400000,,2017Rondae Hollis-Jefferson,holliro01,BRK,1395600,1st Round pick,2017Willy Hernangomez,hernawi01,NYK,1375000,Cap Space,2017Deyonta Davis,davisde01,MEM,1369229,Cap Space,2017Kevin Martin,martike02,MIN,1360305,,2017Nikola Jokic,jokicni01,DEN,1358500,,2017Shabazz Napier,napiesh01,POR,1350120,1st Round Pick,2017Tyus Jones,jonesty01,MIN,1339680,1st Round pick,2017Sasha Kaun,kaunsa01,PHI,1333420,,2017Timothe Luwawu-Cabarrot,luwawti01,PHI,1326960,1st Round pick,2017Ty Lawson,lawsoty01,SAC,1315448,Minimum Salary,2017Alan Anderson,anderal01,LAC,1315448,Minimum Salary,2017Marcus Thornton,thornma01,BRK,1315448,,2017Clint Capela,capelca01,HOU,1296240,1st Round Pick,2017Jarell Martin,martija01,MEM,1286160,1st Round pick,2017Brice Johnson,johnsbr02,LAC,1273920,1st Round pick,2017Jeremy Evans,evansje01,IND,1227286,,2017Lance Stephenson,stephla01,NOP,1227286,,2017Luke Babbitt,babbilu01,MIA,1227000,Minimum Salary,2017Jordan Mickey,mickejo01,BOS,1223653,,2017C.J. Wilcox,wilcocj01,ORL,1209680,,2017Larry Nance Jr.,nancela02,LAL,1207680,1st Round pick,2017R.J. Hunter,hunterj01,BOS,1200240,,2017Brandon Jennings,jennibr01,WAS,1200000,Room Exception,2017Pascal Siakam,siakapa01,TOR,1196040,1st Round pick,2017Kyle Anderson,anderky01,SAS,1192080,1st Round Pick,2017Chris McCullough,mcculch01,WAS,1191480,1st Round pick,2017Josh Huestis,huestjo01,OKC,1191480,,2017Livio Jean-Charles,jeancli01,SAS,1188840,,2017Skal Labissiere,labissk01,SAC,1188840,1st Round pick,2017Kevon Looney,looneke01,GSW,1182840,1st Round pick,2017Dejounte Murray,murrade01,SAS,1180080,1st Round pick,2017Damian Jones,jonesda03,GSW,1171560,1st Round pick,2017Isaiah Whitehead,whiteis01,BRK,1074145,Cap Space,2017Rakeem Christmas,chrisra01,IND,1052342,,2017Joe Young,youngjo01,IND,1052342,Cap Space,2017Terrence Jones,joneste01,NOP,1050961,,2017Thomas Robinson,robinth01,LAL,1050961,Minimum Salary,2017Pablo Prigioni,prigipa01,HOU,1050961,,2017Quincy Acy,acyqu01,DAL,1050961,,2017Brian Roberts,roberbr01,CHO,1050961,Minimum Salary,2017Glenn Robinson,robingl02,IND,1050500,Minimum Salary,2017Ivica Zubac,zubaciv01,LAL,1034956,Cap Space,2017Richaun Holmes,holmeri01,PHI,1025831,Cap Space,2017Isaiah Canaan,canaais01,CHI,1015696,Minimum Salary,2017DeAndre Liggins,liggide01,DAL,1015696,Minimum Salary,2017Robert Covington,covinro01,PHI,1015696,Cap Space,2017Justin Holiday,holidju01,NYK,1015696,Minimum Salary,2017Willie Reed,reedwi02,MIA,1015696,Cap Space,2017Ian Clark,clarkia01,GSW,1015696,Minimum Salary,2017Anthony Bennett,bennean01,BRK,1015696,,2017Mike Muscala,muscami01,ATL,1015696,Minimum Salary,2017Jeff Withey,witheje01,UTA,1015696,,2017Montrezl Harrell,harremo01,HOU,1000000,,2017Elton Brand,brandel01,PHI,1000000,,2017Edy Tavares,tavarwa01,ATL,1000000,,2017Jerami Grant,grantje01,OKC,980431,Draft Pick,2017Damjan Rudez,rudezda01,ORL,980431,Minimum Salary,2017James Michael McAdoo,mcadoja01,GSW,980431,Minimum Salary,2017Nick Johnson,johnsni01,DEN,980431,,2017Sean Kilpatrick,kilpase01,BRK,980431,Minimum Salary,2017Joe Harris,harrijo01,BRK,980431,Minimum Salary,2017JaMychal Green,greenja01,MEM,980431,Minimum Salary,2017Stephen Zimmerman,zimmest01,ORL,950000,Cap Space,2017Jason Thompson,thompja02,GSW,945126,,2017Andrew Harrison,harrian01,MEM,945000,Cap Space,2017Raul Neto,netora01,UTA,937800,,2017Malcolm Brogdon,brogdma01,MIL,925000,Cap Space,2017Wayne Ellington,ellinwa01,SAC,923670,,2017Tyler Ulis,ulisty01,PHO,918369,Cap Space,2017Norman Powell,powelno01,TOR,874636,Cap Space,2017Jonathon Simmons,simmojo02,SAS,874636,Minimum Salary,2017Pat Connaughton,connapa01,POR,874636,Minimum Salary,2017Alan Williams,willial03,PHO,874636,Minimum Salary,2017Josh Richardson,richajo01,MIA,874636,Minimum Salary,2017Anthony Brown,brownan02,LAL,874636,,2017Jordan McRae,mcraejo01,CLE,874636,,2017Christian Wood,woodch01,CHO,874636,Cap Space,2017T.J. McConnell,mccontj01,PHI,874636,,2017Salah Mejri,mejrisa01,DAL,874636,,2017Cristiano Felicio,feliccr01,CHI,874636,,2017Darrun Hilliard,hillida01,DET,874060,Cap space,2017Martell Webster,webstma02,WAS,830000,,2017Michael Beasley,beaslmi01,PHO,777777,,2017Paul Zipser,zipsepa01,CHI,750000,Cap Space,2017Spencer Dinwiddie,dinwisp01,BRK,726672,Minimum Salary,2017Bobby Brown,brownbo02,HOU,680534,Minimum Salary,2017A.J. Hammons,hammoaj01,DAL,650000,Cap Space,2017Carlos Delfino,delfica01,LAC,650000,,2017Michael Gbinije,gbinimi01,DET,650000,Cap Space,2017Georges Niang,niangge01,IND,650000,Cap Space,2017John Lucas III,lucasjo02,MIN,635753,,2017Joel Bolomboy,bolomjo01,UTA,600000,Cap Space,2017Jake Layman,laymaja01,POR,600000,Cap Space,2017Donatas Motiejunas,motiedo01,NOP,576724,Minimum Salary,2017Chinanu Onuaku,onuakch01,HOU,543471,Minimum Salary,2017Cheick Diallo,diallch01,NOP,543471,Minimum Salary,2017Davis Bertans,bertada01,SAS,543471,Minimum Salary,2017Diamond Stone,stonedi01,LAC,543471,Minimum Salary,2017Patrick McCaw,mccawpa01,GSW,543471,Minimum Salary,2017Kay Felder,feldeka01,CLE,543471,Minimum Salary,2017Danuel House,houseda01,WAS,543471,,2017Sheldon McClellan,mcclesh01,WAS,543471,Minimum Salary,2017Daniel Ochefu,ochefda01,WAS,543471,Cap Space,2017Fred VanVleet,vanvlfr01,TOR,543471,Minimum Salary,2017Bryn Forbes,forbebr01,SAS,543471,Minimum Salary,2017Tim Quarterman,quartti01,POR,543471,Minimum Salary,2017Derrick Jones,jonesde02,PHO,543471,Minimum Salary,2017Semaj Christon,chrisse01,OKC,543471,Minimum Salary,2017Ron Baker,bakerro01,NYK,543471,Minimum Salary,2017Marshall Plumlee,plumlma02,NYK,543471,Minimum Salary,2017Maurice Ndour,ndourma01,NYK,543471,Minimum Salary,2017Rodney McGruder,mcgruro01,MIA,543471,Minimum Salary,2017Troy Williams,willitr02,MEM,543471,,2017Gary Payton,paytoga02,HOU,543471,,2017Kyle Wiltjer,wiltjky01,HOU,543471,Minimum Salary,2017Jonathan Gibson,gibsojo01,DAL,543471,,2017Dorian Finney-Smith,finnedo01,DAL,543471,Minimum Salary,2017Nicolas Brussino,brussni01,DAL,543471,Minimum Salary,2017Treveon Graham,grahatr01,CHO,543471,Minimum Salary,2017Caron Butler,butleca01,SAC,517220,,2017Jordan Farmar,farmajo01,LAC,510921,,2017Jarrett Jack,jackja01,BRK,500000,,2017Joel Anthony,anthojo01,SAS,497858,Minimum Salary,2017John Jenkins,jenkijo01,PHO,469841,,2017Aaron Gray,grayaa01,DET,452059,,2017Hollis Thompson,thompho01,PHI,442126,,2017Arinze Onuaku,onuakar01,ORL,440078,,2017Maurice Ndour,ndourma01,DAL,437318,,2017R.J. Hunter,hunterj01,CHI,425000,,2017Ryan Kelly,kellyry01,ATL,418228,,2017Alonzo Gee,geeal01,DEN,417848,,2017Jose Calderon,caldejo01,ATL,392478,Minimum Salary,2017Matt Barnes,barnema02,GSW,383351,Minimum Salary,2017Aaron Harrison,harriaa01,CHO,375579,,2017Toney Douglas,douglto01,MEM,348207,,2017Briante Weber,weberbr01,MIA,328000,,2017Andrea Bargnani,bargnan01,BRK,323599,,2017Gal Mekel,mekelga01,DAL,315760,,2017Miroslav Raduljica,radulmi01,LAC,300000,,2017Ryan Kelly,kellyry01,ATL,286785,Minimum Salary,2017Ronnie Price,pricero01,PHO,282595,Minimum Salary,2017Derrick Williams,willide02,CLE,268029,Minimum Salary,2017Deron Williams,willide01,CLE,259626,Minimum Salary,2017Isaiah Taylor,taylois01,HOU,255000,Minimum Salary,2017Bobby Brown,brownbo02,HOU,253759,,2017Yi Jianlian,jianlyi01,LAL,250000,,2017Elliot Williams,williel01,GSW,250000,,2017Ben Bentil,bentibe01,BOS,250000,,2017Norris Cole,coleno01,OKC,247991,Minimum Salary,2017Andrew Bogut,bogutan01,CLE,242224,,2017Terrence Jones,joneste01,MIL,236457,,2017Chasson Randle,randlch01,PHI,233373,,2017Nicolas Laprovittola,laproni01,SAS,210995,,2017Okaro White,whiteok01,MIA,210995,Minimum Salary,2017Yogi Ferrell,ferreyo01,DAL,207798,Minimum Salary,2017Larry Sanders,sandela01,CLE,207722,,2017Ronnie Price,pricero01,PHO,182548,,2017Reggie Williams,willire02,NOP,180483,,2017Jarell Eddie,eddieja01,WAS,175000,,2017Jordan Crawford,crawfjo02,NOP,173094,Minimum Salary,2017Joel Anthony,anthojo01,SAS,165952,,2017Johnny O'Bryant,obryajo01,CHO,161483,Minimum Salary,2017Brandon Paul,paulbr01,PHI,155000,,2017Toney Douglas,douglto01,MEM,154758,,2017Troy Williams,willitr02,HOU,150000,Cap Space,2017Robbie Hummel,hummero01,DEN,150000,,2017Jarnell Stokes,stokeja01,DEN,150000,,2017Lance Stephenson,stephla01,MIN,144386,,2017Chasson Randle,randlch01,NYK,143860,Minimum Salary,2017Omri Casspi,casspom01,MIN,138414,Minimum Salary,2017Jonathan Gibson,gibsojo01,DAL,137466,,2017Derrick Williams,willide02,CLE,134014,,2017Briante Weber,weberbr01,CHO,128623,Minimum Salary,2017Marcus Paige,paigema01,UTA,125000,,2017Quincy Acy,acyqu01,BRK,123642,,2017Hollis Thompson,thompho01,NOP,119494,,2017Manny Harris,harrima01,DAL,119494,,2017Ray McCallum,mccalra01,CHO,119494,,2017Archie Goodwin,goodwar01,BRK,119494,,2017Johnny O'Bryant,obryajo01,DEN,115344,,2017Johnny O'Bryant,obryajo01,CHO,115344,,2017Anthony Brown,brownan02,NOP,108043,,2017Jarell Eddie,eddieja01,PHO,102898,,2017Briante Weber,weberbr01,GSW,102898,,2017Briante Weber,weberbr01,CHO,102898,,2017Lamar Patterson,pattela01,ATL,102898,,2017Yogi Ferrell,ferreyo01,BRK,102300,,2017Toney Douglas,douglto01,MEM,100593,,2017Patricio Garino,garinpa01,SAS,100000,,2017Lamar Patterson,pattela01,SAC,100000,,2017Isaiah Cousins,cousiis01,SAC,100000,,2017Chris Wright,wrighch01,OKC,100000,,2017Chasson Randle,randlch01,NYK,100000,,2017J.P. Tokoto,tokotjp01,NYK,100000,,2017Okaro White,whiteok01,MIA,100000,,2017Stefan Jankovic,jankost01,MIA,100000,,2017Yogi Ferrell,ferreyo01,BRK,100000,,2017Egidijus Mockevicius,mockeeg01,BRK,100000,,2017Archie Goodwin,goodwar01,NOP,95600,,2017Jarrett Jack,jackja01,NOP,91274,,2017Shawn Long,longsh01,PHI,89513,Minimum Salary,2017Wayne Selden,seldewa01,MEM,83119,Minimum Salary,2017Alonzo Gee,geeal01,DEN,77379,,2017Quincy Ford,fordqu01,UTA,75000,,2017Henry Sims,simshe01,UTA,75000,,2017Ryan Arcidiacono,arcidry01,SAS,75000,,2017Kaleb Tarczewski,tarczka01,OKC,75000,,2017Keith Benson,bensoke02,MIA,75000,,2017Mike Tobey,tobeymi01,CHO,75000,,2017Archie Goodwin,goodwar01,BRK,75000,Cap space,2017David Nwaba,nwabada01,LAL,73528,Minimum Salary,2017Reggie Williams,willire02,NOP,72193,,2017Gary Neal,nealga01,ATL,72193,,2017Kyle Collinsworth,colliky01,DAL,70000,,2017Thomas Walkup,walkuth01,CHI,69500,,2017Jordan Farmar,farmajo01,SAC,66384,,2017Shawn Long,longsh01,PHI,65000,,2017James Webb,webbja01,PHI,65000,,2017Chasson Randle,randlch01,PHI,63938,,2017Quinn Cook,cookqu01,NOP,63938,,2017Okaro White,whiteok01,MIA,63938,,2017David Nwaba,nwabada01,LAL,63938,,2017Jarrod Uthoff,uthofja01,DAL,63938,,2017Pierre Jackson,jackspi01,DAL,63938,,2017Mike Tobey,tobeymi01,CHO,63938,,2017Jordan Crawford,crawfjo02,NOP,61821,,2017Zach Auguste,augusza01,LAL,60000,,2017Justin Harper,harpeju01,PHI,57672,,2017Brady Heslip,heslibr01,TOR,56500,,2017Anthony Brown,brownan02,ORL,51449,,2017Axel Toupane,toupaax01,MIL,51449,,2017Cliff Alexander,alexacl01,BRK,51449,,2017E.J. Singler,singlej01,TOR,50000,,2017Yanick Moreira,moreiya01,TOR,50000,,2017Jarrod Uthoff,uthofja01,TOR,50000,,2017Dionte Christmas,chrisdi01,PHI,50000,,2017Cat Barber,barbeca01,PHI,50000,,2017Reggie Williams,willire02,OKC,50000,,2017Alex Caruso,carusal01,OKC,50000,,2017Ben Bentil,bentibe01,IND,50000,,2017Julyan Stone,stoneju01,IND,50000,,2017Isaiah Taylor,taylois01,HOU,50000,,2017Cameron Jones,jonesca02,GSW,50000,,2017Elgin Cook,cookel01,GSW,50000,,2017Scott Wood,woodsc01,GSW,50000,,2017Nate Wolters,woltena01,DEN,50000,,2017D.J. Kennedy,kennedj01,DEN,50000,,2017Damion Lee,leeda03,BOS,50000,,2017Matt Costello,costema01,ATL,50000,,2017Jarrod Uthoff,uthofja01,DAL,47953,Minimum Salary,2017Beau Beech,beechbe01,BRK,45000,,2017Pierre Jackson,jackspi01,DAL,41560,,2017Alex Poythress,poythal01,IND,35381,,2017Gary Payton,paytoga02,MIL,35166,Minimum Salary,2017D.J. Stephens,stephdj01,MEM,35000,,2017Phil Pressey,pressph01,GSW,35000,,2017Shawn Long,longsh01,PHI,31969,,2017Alex Poythress,poythal01,PHI,31969,,2017Patricio Garino,garinpa01,ORL,31969,Minimum Salary,2017Marcus Georges-Hunt,georgma01,ORL,31969,Minimum Salary,2017Wayne Selden,seldewa01,NOP,31969,,2017Marcus Georges-Hunt,georgma01,MIA,31969,,2017Troy Williams,willitr02,HOU,31969,,2017Ben Bentil,bentibe01,DAL,31969,,2017Yogi Ferrell,ferreyo01,DAL,31969,,2017Quinn Cook,cookqu01,DAL,31969,,2017Prince Ibeh,ibehpr01,BRK,31969,,2017Matt Costello,costema01,MEM,31500,,2017Nikola Jovanovic,jovanni01,DET,30000,,2017Lamar Patterson,pattela01,ATL,25725,,2017Tony Wroten,wroteto01,MEM,25000,,2017Nick Zeisloft,zeislni01,IND,25000,,2017Jalen Jones,jonesja04,BOS,25000,,2017Marcus Georges-Hunt,georgma01,BOS,25000,,2017Elijah Millsap,millsel01,PHO,23069,Cap space,2017Axel Toupane,toupaax01,NOP,20580,Minimum Salary,2017Jameel Warney,warneja01,DAL,20000,,2017Dahntay Jones,jonesda02,CLE,18255,,2017Jordan Farmar,farmajo01,SAC,16595,,2017Quinn Cook,cookqu01,NOP,15984,Minimum Salary,2017Ray McCallum,mccalra01,DET,11949,,2017P.J. Hairston,hairspj02,HOU,11534,,2017Alex Poythress,poythal01,PHI,6934,Hardship Exception,2017Dahntay Jones,jonesda02,CLE,5767,Minimum Salary,2017Edy Tavares,tavarwa01,CLE,5145,Minimum Salary,2017