Rk,Player,Link,Tm,2017-18,2018-19,2019-20,2020-21,2021-22,2022-23,Signed Using,Guaranteed1,Stephen Curry,curryst01,GSW,34682550,37457154,40231758,43006362,45780966,,Bird Rights,2011587902,LeBron James,jamesle01,CLE,33285709,,,,,,Early Bird,332857093,Paul Millsap,millspa01,DEN,31269231,29730769,30500000,,,,Cap space,610000004,Gordon Hayward,haywago01,BOS,29727900,31214295,32700690,34187085,,,Cap space,936428855,Blake Griffin,griffbl01,DET,29512900,31873932,34234964,36595996,38957028,,Bird Rights,1322177926,Kyle Lowry,lowryky01,TOR,28703704,31000000,33296296,,,,Bird Rights,930000007,Russell Westbrook,westbru01,OKC,28530608,35350000,38178000,41006000,43848000,,Bird Rights,1869126088,Mike Conley,conlemi01,MEM,28530608,30521115,32511623,34504132,,,Cap Space,1139897299,James Harden,hardeja01,HOU,28299399,30431854,37800000,40824000,43848000,,Bird Rights,18120325310,DeMar DeRozan,derozde01,TOR,27739975,27739975,27739975,27739975,,,Cap Space,8321992511,Al Horford,horfoal01,BOS,27734405,28928710,30123015,,,,Cap Space,5666311512,Carmelo Anthony,anthoca01,OKC,26243760,27928140,,,,,Bird Rights,5417190013,Damian Lillard,lillada01,POR,26153057,27977689,29802321,31626953,,,1st Round Pick,11556002014,Jrue Holiday,holidjr01,NOP,25686667,26131111,26131111,26131111,27020000,,Bird Rights,10408000015,Chris Bosh,boshch01,MIA,25289390,26837720,,,,,,5212711016,Kevin Durant,duranke01,GSW,25000000,,,,,,Non-Bird Rights,5500000017,Otto Porter,porteot01,WAS,24773250,26011913,27250576,28489239,,,Bird Rights,7803573918,Chris Paul,paulch01,HOU,24599495,,,,,,Bird Rights,18433008719,CJ McCollum,mccolcj01,POR,23962573,25759766,27556959,29354152,,,1st Round Pick,10663345020,Bradley Beal,bealbr01,WAS,23775506,25434263,27093019,28751775,,,Cap Space,10505456321,Anthony Davis,davisan02,NOP,23775506,25434263,27093019,28751775,,,1st Round Pick,7630278822,Andre Drummond,drumman01,DET,23775506,25434263,27093019,28751775,,,Cap Space,7630278823,Hassan Whiteside,whiteha01,MIA,23775506,25434263,27093018,,,,Cap Space,4920976924,Dwight Howard,howardw01,CHO,23500000,,,,,,Cap Space,2350000025,Chandler Parsons,parsoch01,MEM,23112004,24107258,25102511,,,,Cap Space,7232177326,Harrison Barnes,barneha02,DAL,23112004,24107258,25102512,,,,Cap Space,4721926227,J.J. Redick,redicjj01,PHI,23000000,,,,,,Cap space,3550000028,Marc Gasol,gasolma01,MEM,22642350,24119025,25595700,,,,Bird Rights,4676137529,Kevin Love,loveke01,CLE,22642350,24119025,25595700,,,,Bird Rights,4676137530,Brook Lopez,lopezbr01,LAL,22642350,,,,,,Bird Rights,2264235031,DeAndre Jordan,jordade01,LAC,22642350,,,,,,Bird Rights,2264235032,Steven Adams,adamsst01,OKC,22471910,24157303,25842697,27528090,,,1st Round Pick,10000000033,Giannis Antetokounmpo,antetgi01,MIL,22471910,24157303,25842697,27528090,,,1st Round Pick,10000000034,Nicolas Batum,batumni01,CHO,22434783,24000000,25565217,27130434,,,Cap Space,7200000035,Rudy Gobert,goberru01,UTA,21974719,23491573,25008427,26525281,,,1st Round Pick,9700000036,LaMarcus Aldridge,aldrila01,SAS,21461010,22347015,26000000,24000000,,,Cap Space,7680802537,Victor Oladipo,oladivi01,IND,21000000,21000000,21000000,21000000,,,1st Round Pick,8400000038,Enes Kanter,kanteen01,NYK,20566802,18622514,,,,,Bird Rights,3918931639,Danilo Gallinari,gallida01,LAC,20559599,21587579,22615559,,,,Sign and Trade,6476273740,Serge Ibaka,ibakase01,TOR,20061729,21666667,23271604,,,,Cap space,6500000041,George Hill,hillge01,CLE,20000000,19000000,18000000,,,,Cap space,4000000042,Ryan Anderson,anderry01,HOU,19578455,20421546,21264635,,,,Cap Space,6126463643,Paul George,georgpa01,OKC,19508958,,,,,,1st Round Pick,11852562644,Allen Crabbe,crabbal01,BRK,19332500,18500000,18500000,,,,Cap Space,3783250045,Jimmy Butler,butleji01,MIN,19301070,20445779,19841627,,,,Bird Rights,3974684946,Jeff Teague,teaguje01,MIN,19000000,19000000,19000000,,,,Cap space,3800000047,Kawhi Leonard,leonaka01,SAS,18868625,20099189,21329752,,,,Bird Rights,3896781448,Kyrie Irving,irvinky01,BOS,18868625,20099188,21329750,,,,Bird Rights,3896781349,John Wall,walljo01,WAS,18063850,19169800,37800000,40824000,43848000,,Bird Rights,15970565050,DeMarcus Cousins,couside01,NOP,18063850,,,,,,1st Round Pick,1806385051,Wesley Matthews,matthwe02,DAL,17884176,18622514,,,,,Cap Space,3650669052,Greg Monroe,monrogr01,PHO,17884176,,,,,,,1788417653,Klay Thompson,thompkl01,GSW,17826150,18988725,,,,,1st Round Pick,3681487554,Joakim Noah,noahjo01,NYK,17765000,18530000,19295000,,,,Cap Space,5559000055,Kentavious Caldwell-Pope,caldwke01,LAL,17745894,,,,,,Cap space,2974589456,Luol Deng,denglu01,LAL,17190000,18000000,18810000,,,,Cap Space,5400000057,Evan Turner,turneev01,POR,17131148,17868852,18606557,,,,Cap Space,5360655758,Goran Dragic,dragigo01,MIA,17000450,18109175,19217900,,,,Bird Rights,3510962559,Evan Fournier,fournev01,ORL,17000000,17000000,17000000,17000000,,,Cap Space,5100000060,Bismack Biyombo,biyombi01,ORL,17000000,17000000,17000000,,,,Cap Space,1700000061,Kent Bazemore,bazemke01,ATL,16910113,18089887,19269662,,,,Cap Space,3500000062,Robert Covington,covinro01,PHI,16698103,10464092,11301219,12138345,12975471,,Cap Space,6357723063,Ian Mahinmi,mahinia01,WAS,16661641,15944154,15450051,,,,Cap Space,4805584664,Tim Hardaway,hardati02,NYK,16500000,17325000,18150000,18975000,,,Cap space,5197500065,Draymond Green,greendr01,GSW,16400000,17469565,18539130,,,,Bird Rights,5240869566,Tristan Thompson,thomptr01,CLE,16400000,17469565,18539130,,,,Bird Rights,5240869567,Reggie Jackson,jacksre01,DET,16000000,17043478,18086956,,,,Bird Rights,5113043468,Pau Gasol,gasolpa01,SAS,16000000,16000000,16000000,,,,,3870000069,Tobias Harris,harrito02,LAC,16000000,14800000,,,,,Bird Rights,3080000070,Dwyane Wade,wadedw01,CHI,15550000,,,,,,,1555000071,Dennis Schroder,schrode01,ATL,15500000,15500000,15500000,15500000,,,1st Round Pick,6200000072,Jonas Valanciunas,valanjo01,TOR,15460675,16539326,17617977,,,,1st Round Pick,3200000173,Tony Parker,parketo01,SAS,15453126,,,,,,Bird Rights,1545312674,Timofey Mozgov,mozgoti01,BRK,15280000,16000000,16720000,,,,Cap Space,1528000075,Andre Iguodala,iguodan01,GSW,14814815,16000000,17185185,,,,Bird Rights,4800000076,DeMarre Carroll,carrode01,BRK,14800000,15400000,,,,,Cap Space,3020000077,Thaddeus Young,youngth01,IND,14796348,13764045,,,,,Bird Rights,2856039378,Eric Bledsoe,bledser01,MIL,14500000,15000000,,,,,Bird Rights,2950000079,Ricky Rubio,rubiori01,UTA,14275000,14975000,,,,,1st Round Pick,2925000080,Joe Ingles,inglejo01,UTA,14136364,13045455,11954546,10863637,,,Bird Rights,5000000281,Gorgui Dieng,dienggo01,MIN,14112360,15170787,16229213,17287640,,,1st Round Pick,6280000082,Khris Middleton,middlkh01,MIL,14100000,13000000,13000000,,,,Bird Rights,2710000083,Mason Plumlee,plumlma01,DEN,14041096,12917808,14041096,,,,Cap space,4100000084,Taj Gibson,gibsota01,MIN,14000000,14000000,,,,,Cap space,2800000085,James Johnson,johnsja01,MIA,13954000,14651700,15349400,16047100,,,Cap space,4395510086,Robin Lopez,lopezro01,CHI,13788500,14357750,,,,,Cap Space,2814625087,J.R. Smith,smithjr01,CLE,13760000,14720000,15680000,,,,Bird Rights,3235000088,Brandon Knight,knighbr03,PHO,13618750,14631250,15643750,,,,,4389375089,Marvin Williams,willima02,CHO,13168750,14087500,15006250,,,,Cap Space,2725625090,Tyson Chandler,chandty01,PHO,13000000,13585000,,,,,Cap Space,2658500091,Michael Kidd-Gilchrist,kiddgmi01,CHO,13000000,13000000,13000000,,,,1st Round Pick,2600000092,Eric Gordon,gordoer01,HOU,12943020,13500375,14057730,,,,Cap Space,4050112593,Kenneth Faried,farieke01,DEN,12921348,13764045,,,,,1st Round Pick,2668539394,Marcin Gortat,gortama01,LAC,12782609,13565218,,,,,Bird Rights,2634782795,Cody Zeller,zelleco01,CHO,12584270,13528090,14471910,15415730,,,1st Round Pick,5600000096,Miles Plumlee,plumlmi01,ATL,12500000,12500000,12500000,,,,Bird Rights,3750000097,Nikola Mirotic,mirotni01,NOP,12500000,12500000,,,,,Cap space,2500000098,Zach Randolph,randoza01,SAC,12307692,11692308,,,,,Cap space,2400000099,Nikola Vucevic,vucevni01,ORL,12250000,12750000,,,,,Bird Rights,25000000100,Solomon Hill,hillso01,NOP,12236535,12752928,13258781,,,,Cap Space,38248244101,Wilson Chandler,chandwi01,DEN,12016854,12800562,,,,,,12016854102,Derrick Favors,favorde01,UTA,12000000,,,,,,1st Round Pick,28000000103,Jeremy Lin,linje01,BRK,12000000,12516746,,,,,Cap Space,24516746104,Kemba Walker,walkeke02,CHO,12000000,12000000,,,,,1st Round Pick,24000000105,Austin Rivers,riverau01,WAS,11825000,12650000,,,,,Cap Space,24475000106,Courtney Lee,leeco01,NYK,11747890,12253780,12759670,,,,Cap Space,36761340107,Nikola Pekovic,pekovni01,MIN,11600000,,,,,,,11600000108,Jordan Clarkson,clarkjo01,CLE,11562500,12500000,13437500,,,,Cap Space,37500000109,John Henson,hensojo01,MIL,11422536,10577466,9732396,,,,1st Round Pick,31732398110,Dion Waiters,waitedi01,MIA,11000000,11550000,12100000,12650000,,,Cap space,47300000111,Amir Johnson,johnsam01,PHI,11000000,,,,,,Cap space,11000000112,Jamal Crawford,crawfja01,ATL,10942762,2304226,,,,,,13246988113,Alec Burks,burksal01,UTA,10845506,11536515,,,,,1st Round Pick,22382021114,Patty Mills,millspa02,SAS,10714286,11571429,12428571,13285714,,,Bird Rights,48000000115,Kelly Olynyk,olynyke01,MIA,10607169,11137527,11667885,12198243,,,Cap space,33412581116,Omer Asik,asikom01,CHI,10595505,11286516,11977527,,,,Bird Rights,24882021117,Terrence Ross,rosste01,ORL,10500000,10500000,,,,,Rookie scale extension,21000000118,Mirza Teletovic,teletmi01,MIL,10500000,10500000,,,,,,21000000119,Bojan Bogdanovic,bogdabo02,IND,10500000,10500000,,,,,Cap space,21000000120,Jon Leuer,leuerjo01,DET,10497319,10002681,9508043,,,,Cap Space,30008043121,Iman Shumpert,shumpim01,SAC,10337079,11011234,,,,,Bird Rights,21348313122,Maurice Harkless,harklma01,POR,10162922,10837079,11511234,,,,Cap Space,32511235123,Danny Green,greenda02,SAS,10000000,10000000,,,,,Bird Rights,20000000124,Darren Collison,collida01,IND,10000000,10000000,,,,,Cap space,20000000125,Jared Dudley,dudleja01,PHO,10000000,9530000,,,,,Cap Space,19530000126,Meyers Leonard,leoname01,POR,9904495,10595506,11286515,,,,Cap Space,31786516127,Tony Snell,snellto01,MIL,9821429,10607143,11392857,12178571,,,Cap space,31821429128,Al Jefferson,jeffeal01,IND,9769821,10000000,,,,,Cap Space,13769821129,Matthew Dellavedova,dellama01,MIL,9607500,9607500,9607500,,,,Cap Space,28822500130,Joe Johnson,johnsjo02,SAC,9505000,,,,,,,9505000131,Bogdan Bogdanovic,bogdabo01,SAC,9470614,9000000,8529386,,,,Cap space,27000000132,Andre Roberson,roberan03,OKC,9259259,10000000,10740741,,,,Bird Rights,30000000133,Trevor Booker,booketr01,PHI,9125000,,,,,,,9125000134,Dwight Powell,poweldw01,DAL,9003125,9631250,10259375,,,,Cap Space,18634375135,Jerryd Bayless,bayleje01,PHI,9000000,8575916,,,,,Cap Space,17575916136,Avery Bradley,bradlav01,LAC,8808989,,,,,,Bird Rights,20808989137,JaMychal Green,greenja01,MEM,8533333,7866667,,,,,Bird Rights,16400000138,E'Twaun Moore,mooreet01,NOP,8445024,8808685,8664928,,,,Cap Space,25918637139,Rudy Gay,gayru01,SAS,8406000,,,,,,MLE,8406000140,Kosta Koufos,koufoko01,SAC,8393000,8739500,,,,,Cap Space,17132500141,Markieff Morris,morrima02,WAS,8000000,8600000,,,,,Bird Rights,16600000142,Garrett Temple,templga01,SAC,8000000,8000000,,,,,Cap Space,16000000143,Vince Carter,cartevi01,SAC,8000000,,,,,,Cap space,8000000144,C.J. Miles,milescj01,TOR,7936509,8333333,8730158,,,,MLE,16269842145,Cristiano Felicio,feliccr01,CHI,7843500,8470980,8156500,7529020,,,Cap space,32000000146,Shaun Livingston,livinsh01,GSW,7692308,8307692,7692308,,,,Bird Rights,18000000147,Cory Joseph,josepco01,IND,7630000,7945000,,,,,Cap Space,15575000148,P.J. Tucker,tuckepj01,HOU,7590035,7969537,8349039,7969537,,,MLE,26477799149,Corey Brewer,breweco01,LAL,7579366,,,,,,,7579366150,Andrew Wiggins,wiggian01,MIN,7574322,25250000,27270000,29290000,31310000,,1st Round Pick,154024322151,Darrell Arthur,arthuda01,DEN,7464912,7464912,,,,,Cap Space,14929824152,Channing Frye,fryech01,LAL,7420912,,,,,,Cap Space,7420912153,Trevor Ariza,arizatr01,HOU,7420912,,,,,,Bird Rights,7420912154,Al-Farouq Aminu,aminual01,POR,7319035,6957105,,,,,Cap Space,14276140155,Cole Aldrich,aldrico01,MIN,7300000,6956021,,,,,Cap Space,9356021156,D.J. Augustin,augusdj01,ORL,7250000,7250000,7250000,,,,Cap Space,21750000157,Markelle Fultz,fultzma01,PHI,7026240,8339880,9745200,12288697,,,1st Round Pick,15366120158,Lou Williams,willilo02,LAC,7000000,8000000,8000000,1500000,,,Cap Space,23000000159,Kyle Korver,korveky01,CLE,7000000,7560000,7500000,,,,Bird Rights,18000000160,Jeremy Lamb,lambje01,CHO,7000000,7488372,,,,,Rookie scale extension,14488372161,Boban Marjanovic,marjabo01,LAC,7000000,7000000,,,,,Cap Space,14000000162,Jae Crowder,crowdja01,UTA,6796117,7305825,7815533,,,,Bird Rights,21917475163,Jabari Parker,parkeja01,MIL,6782392,,,,,,1st Round Pick,6782392164,Langston Galloway,gallola01,DET,6666667,7000000,7333333,,,,MLE,21000000165,Lance Thomas,thomala01,NYK,6655325,7119650,7583975,,,,Cap Space,13774975166,Ed Davis,davised01,POR,6352531,,,,,,Cap Space,6352531167,Marco Belinelli,belinma01,ATL,6306060,,,,,,,6306060168,Jonathon Simmons,simmojo02,ORL,6300000,6000000,5700000,,,,Cap space,13300000169,Lonzo Ball,balllo01,LAL,6286560,7461960,8719320,11003782,,,1st Round Pick,13748520170,Wayne Ellington,ellinwa01,MIA,6270000,,,,,,Cap Space,6270000171,Isaiah Thomas,thomais02,LAL,6261395,,,,,,,6261395172,Karl-Anthony Towns,townska01,MIN,6216840,7839435,,,,,1st round pick,6216840173,Ben Simmons,simmobe01,PHI,6168840,6434520,8113930,,,,1st Round pick,12603360174,Joel Embiid,embiijo01,PHI,6100266,25250000,27270000,29290000,31310000,,1st Round Pick,6100266175,Spencer Hawes,hawessp01,MIL,6021175,,,,,,,6021175176,Josh McRoberts,mcrobjo01,DAL,6021175,,,,,,,6021175177,Dewayne Dedmon,dedmode01,ATL,6000000,6300000,,,,,Cap space,12300000178,Ish Smith,smithis01,DET,6000000,6000000,,,,,Cap Space,12000000179,Milos Teodosic,teodomi01,LAC,6000000,6300000,,,,,MLE,8100000180,Alan Williams,willial03,PHO,6000000,5520000,5520000,,,,Cap space,6000000181,Shelvin Mack,macksh01,ORL,6000000,,,,,,,6000000182,Ersan Ilyasova,ilyaser01,ATL,6000000,,,,,,,6000000183,Tyler Johnson,johnsty01,MIA,5881260,19245370,19245370,,,,Cap Space,25126630184,Wesley Johnson,johnswe01,LAC,5881260,6134520,,,,,Cap Space,12015780185,Alex Abrines,abrinal01,OKC,5725000,5455236,,,,,Cap Space,11180236186,Jayson Tatum,tatumja01,BOS,5645400,6700800,7830000,9897120,,,1st Round Pick,12346200187,D'Angelo Russell,russeda01,BRK,5562360,7019698,,,,,1st round pick,12582058188,Brandon Ingram,ingrabr01,LAL,5519400,5757120,7265485,,,,1st Round pick,11276520189,Patrick Beverley,beverpa01,LAC,5513514,5027028,,,,,Bird Rights,5513514190,Aaron Gordon,gordoaa01,ORL,5504420,,,,,,1st Round Pick,89504420191,Deron Williams,willide01,BRK,5500000,5500000,5500000,,,,,16500000192,Josh Smith,smithjo03,DET,5400000,5400000,5400000,,,,,16200000193,Thabo Sefolosha,sefolth01,UTA,5250000,5250000,,,,,Cap space,10500000194,Jason Smith,smithja02,WAS,5225000,5450000,,,,,Cap Space,10675000195,Ben McLemore,mclembe01,MEM,5200000,5460000,,,,,MLE,10660000196,Patrick Patterson,pattepa01,OKC,5192000,5451600,5711200,,,,MLE,10643600197,Nick Young,youngni01,GSW,5192000,,,,,,MLE,5192000198,Brandan Wright,wrighbr03,MEM,5179760,,,,,,,5179760199,Josh Jackson,jacksjo02,PHO,5090040,6041520,7059480,8930242,,,1st Round Pick,11131560200,Marcus Morris,morrima03,BOS,5000000,5375000,,,,,Bird Rights,10375000201,Mike Muscala,muscami01,ATL,5000000,5000000,,,,,Cap space,10000000202,Dirk Nowitzki,nowitdi01,DAL,5000000,,,,,,Cap space,5000000203,Greg Monroe,monrogr01,BOS,5000000,,,,,,Disabled Player Exception,5000000204,Jahlil Okafor,okafoja01,BRK,4995120,,,,,,1st round pick,4995120205,Dante Exum,exumda01,UTA,4992385,,,,,,1st Round Pick,32292385206,Alexis Ajinca,ajincal01,NOP,4961798,5285394,,,,,Early Bird Rights,10247192207,Jaylen Brown,brownja02,BOS,4956480,5169960,6534829,,,,1st Rd pick,10126440208,Jameer Nelson,nelsoja01,DEN,4736050,,,,,,,4736050209,Kyle Singler,singlky01,OKC,4666500,4996000,5333500,,,,Bird Rights,9662500210,Justin Holiday,holidju01,CHI,4615385,4384616,,,,,MLE,9000001211,De'Aaron Fox,foxde01,SAC,4609200,5407920,6392760,8099627,,,1st Round Pick,10017120212,Marcus Smart,smartma01,BOS,4538020,,,,,,1st Round Pick,4538020213,Kristaps Porzingis,porzikr01,NYK,4503600,5697054,,,,,1st round pick,10200654214,Dragan Bender,bendedr01,PHO,4468800,4661280,5896519,,,,1st Round pick,9130080215,Devin Harris,harride01,DEN,4402546,,,,,,Cap Space,4402546216,Aron Baynes,baynear01,BOS,4328000,,,,,,Room Exception,9828000217,Ron Baker,bakerro01,NYK,4328000,4544400,,,,,Room Exception,8872400218,Jamal Crawford,crawfja01,MIN,4328000,,,,,,,4328000219,Alex Len,lenal01,PHO,4187599,,,,,,1st Round Pick,4187599220,Nerlens Noel,noelne01,DAL,4187599,,,,,,1st Round Pick,4187599221,Jonathan Isaac,isaacjo01,ORL,4186320,4969080,5806440,7362566,,,1st Round Pick,9155400222,Lance Stephenson,stephla01,IND,4180000,,,,,,Cap space,4180000223,Julius Randle,randlju01,LAL,4149242,,,,,,1st Round Pick,4149242224,Kyle O'Quinn,oquinky01,NYK,4087500,,,,,,Bird Rights,4087500225,Mario Hezonja,hezonma01,ORL,4078320,,,,,,1st round pick,4078320226,Kris Dunn,dunnkr01,CHI,4046760,4221000,5348007,,,,1st Round pick,8267760227,Jonas Jerebko,jerebjo01,UTA,4000000,,,,,,Cap space,4000000228,Nemanja Bjelica,bjeline01,MIN,3949999,,,,,,MLE,3949999229,J.J. Barea,bareajo01,DAL,3903900,3710850,,,,,Cap Space,7614750230,Quincy Pondexter,pondequ01,CHI,3853931,,,,,,,3853931231,Lauri Markkanen,markkla01,CHI,3821640,4536120,5300400,6731508,,,1st Round Pick,8357760232,Nik Stauskas,stausni01,BRK,3807146,,,,,,1st Round Pick,3807146233,Willie Cauley-Stein,caulewi01,SAC,3704160,4696875,,,,,1st round pick,8401035234,Buddy Hield,hieldbu01,SAC,3675480,3833760,4861208,,,,1st Round pick,7509240235,Will Barton,bartowi01,DEN,3533333,,,,,,Bird Rights,42413333236,Noah Vonleh,vonleno01,CHI,3505233,,,,,,1st Round Pick,3505233237,Frank Ntilikina,ntilila01,NYK,3501120,4155720,4855800,6176578,,,1st Round Pick,7656840238,Nene Hilario,hilarne01,HOU,3477600,3651480,3825360,,,,Non-Bird Rights,10954440239,Zaza Pachulia,pachuza01,GSW,3477600,,,,,,,3477600240,Troy Daniels,danietr01,PHO,3408520,3258540,,,,,Cap Space,6667060241,Emmanuel Mudiay,mudiaem01,NYK,3381480,4294480,,,,,1st round pick,7675960242,Jamal Murray,murraja01,DEN,3355320,3499800,4444746,,,,1st Round pick,6855120243,Elfrid Payton,paytoel01,PHO,3332340,,,,,,1st Round Pick,3332340244,Rajon Rondo,rondora01,NOP,3300000,,,,,,MLE,3300000245,Doug McDermott,mcderdo01,DAL,3294994,,,,,,1st Round Pick,3294994246,Jodie Meeks,meeksjo01,WAS,3290000,3454500,,,,,Bi-annual Exception,6744500247,Tyreke Evans,evansty01,MEM,3290000,,,,,,Bi-annual Exception,3290000248,Tarik Black,blackta01,HOU,3290000,,,,,,Bi-annual Exception,3290000249,Anthony Tolliver,tollian01,DET,3290000,,,,,,Bi-annual Exception,3290000250,Dennis Smith,smithde03,DAL,3218280,3819960,4463640,5686677,,,1st Round Pick,7038240251,Zach LaVine,lavinza01,CHI,3202217,,,,,,1st Round Pick,3202217252,Ekpe Udoh,udohek01,UTA,3200000,3360000,,,,,Room Exception,3200000253,T.J. Warren,warretj01,PHO,3152931,11750000,10810000,11750000,12690000,,1st Round Pick,50152931254,Stanley Johnson,johnsst04,DET,3097800,3940402,,,,,1st round pick,7038202255,Marquese Chriss,chrisma01,PHO,3073800,3206160,4078236,,,,1st Rd pick,6279960256,Zach Collins,colliza01,POR,3057240,3628920,4240200,5406255,,,1st Round Pick,6686160257,James Ennis,ennisja01,DET,3028410,,,,,,Room exception,3028410258,Seth Curry,curryse01,DAL,3028410,,,,,,Room exception,3028410259,Mindaugas Kuzminskas,kuzmimi01,NYK,3025035,,,,,,,3025035260,Tomas Satoransky,satorto01,WAS,3000000,3129187,,,,,Cap Space,6129187261,Rajon Rondo,rondora01,CHI,3000000,,,,,,,3000000262,Jusuf Nurkic,nurkiju01,POR,2947305,,,,,,1st Round Pick,42947305263,Lucas Nogueira,noguelu01,TOR,2947305,,,,,,1st Round Pick,2947305264,Malik Monk,monkma01,CHO,2904480,3447480,4028400,5345687,,,1st Round Pick,6351960265,Frank Kaminsky,kaminfr01,CHO,2847600,3627842,,,,,1st round pick,6475442266,Andrew Nicholson,nichoan01,POR,2844429,2844429,2844429,2844429,2844429,,,19911003267,Jakob Poeltl,poeltja01,TOR,2825640,2947320,3754886,,,,1st Round pick,5772960268,Luke Kennard,kennalu01,DET,2759280,3275280,3827160,5273826,,,1st Round Pick,6034560269,Justise Winslow,winslju01,MIA,2705040,3448926,,,,,1st round pick,6153966270,Michael Carter-Williams,cartemi01,CHO,2700000,,,,,,Bi-annual Exception,2700000271,Thon Maker,makerth01,MIL,2684160,2799720,3569643,,,,1st Round pick,5483880272,Cedi Osman,osmande01,CLE,2642857,2775000,2907143,,,,MLE,8325000273,Donovan Mitchell,mitchdo01,UTA,2621280,3111480,3635760,5195501,,,1st Round Pick,5732760274,Myles Turner,turnemy01,IND,2569920,3410284,,,,,1st round pick,5980204275,Gary Harris,harriga01,DEN,2550055,16517857,17839286,19160714,20482143,,1st Round Pick,76550055276,Domantas Sabonis,sabondo01,IND,2550000,2659800,3529555,,,,1st Round pick,5209800277,Manu Ginobili,ginobma01,SAS,2500000,2500000,,,,,,5000000278,Reggie Bullock,bullore01,DET,2500000,2500000,,,,,Cap space,2500000279,Richard Jefferson,jefferi01,ATL,2500000,,,,,,,2500000280,Malcolm Delaney,delanma01,ATL,2500000,,,,,,Room Exception,2500000281,Bam Adebayo,adebaba01,MIA,2490360,2955840,3454080,5115492,,,1st Round Pick,5446200282,Bruno Caboclo,cabocbr01,SAC,2451225,,,,,,1st Round Pick,2451225283,Ronnie Price,pricero01,OKC,2442455,,,,,,,2442455284,Trey Lyles,lylestr01,DEN,2441400,3364249,,,,,1st round pick,5805649285,Dario Saric,saricda01,PHI,2422560,2526840,3481986,,,,1st Round pick,4949400286,Taurean Prince,princta02,ATL,2422560,2526840,3481986,,,,1st Round pick,4949400287,Rodney Hood,hoodro01,CLE,2386864,,,,,,1st Round Pick,2386864288,Justin Jackson,jacksju01,SAC,2365560,2807880,3280920,5029650,,,1st Round Pick,5173440289,Shabazz Napier,napiesh01,POR,2361360,,,,,,1st Round Pick,2361360290,Clint Capela,capelca01,HOU,2334520,,,,,,1st Round Pick,2334520291,Arron Afflalo,afflaar01,ORL,2328652,,,,,,Minimum Salary,2328652292,Nick Collison,collini01,OKC,2328652,,,,,,Minimum Salary,2328652293,Raymond Felton,feltora01,OKC,2328652,,,,,,Minimum Salary,2328652294,Ramon Sessions,sessira01,NYK,2328652,,,,,,,2328652295,Jarrett Jack,jackja01,NYK,2328652,,,,,,Minimum Salary,2328652296,Jason Terry,terryja01,MIL,2328652,,,,,,Minimum Salary,2328652297,Dwyane Wade,wadedw01,MIA,2328652,,,,,,Minimum Salary,2328652298,Udonis Haslem,hasleud01,MIA,2328652,,,,,,Minimum Salary,2328652299,David West,westda01,GSW,2328652,,,,,,Minimum Salary,2328652300,Richard Jefferson,jefferi01,DEN,2328652,,,,,,Minimum Salary,2328652301,Jose Calderon,caldejo01,CLE,2328652,,,,,,Minimum Salary,2328652302,Andrew Bogut,bogutan01,LAL,2328652,,,,,,,303,Devin Booker,bookede01,PHO,2319360,3314365,27250000,29430000,31610000,,1st round pick,5633725304,Georgios Papagiannis,papagge01,SAC,2301360,2400480,3430288,,,,,4701840305,Dante Cunningham,cunnida01,BRK,2300000,,,,,,MLE,2300000306,Jameer Nelson,nelsoja01,DET,2262871,,,,,,,2262871307,Justin Patton,pattoju01,MIN,2247480,2667600,3117240,4781846,,,1st Round Pick,4915080308,Guerschon Yabusele,yabusgu01,BOS,2247480,2667600,3117240,4781846,,,1st Round Pick,4915080309,Monta Ellis,ellismo01,IND,2245400,2245400,2245400,2245400,2245400,,,11227000310,Cameron Payne,payneca01,CHI,2203440,3263295,,,,,1st round pick,5466735311,Denzel Valentine,valende01,CHI,2186400,2280600,3377569,,,,1st Round pick,4467000312,Josh Smith,smithjo03,NOP,2183934,,,,,,,313,Kyle Anderson,anderky01,SAS,2151704,,,,,,1st Round Pick,2151704314,D.J. Wilson,wilsodj01,MIL,2135040,2534280,2961120,4548280,,,1st Round Pick,4669320315,Matt Barnes,barnema02,SAC,2133542,2133542,2133541,,,,,6400625316,Derrick Rose,rosede01,UTA,2116955,,,,,,,2116955317,Marreese Speights,speigma01,ORL,2116955,,,,,,Minimum Salary,2116955318,Michael Beasley,beaslmi01,NYK,2116955,,,,,,Minimum Salary,2116955319,Aaron Brooks,brookaa01,MIN,2116955,,,,,,,2116955320,Luc Mbah a Moute,mbahalu01,HOU,2116955,,,,,,Minimum Salary,2116955321,JaVale McGee,mcgeeja01,GSW,2116955,,,,,,,2116955322,Jeff Green,greenje02,CLE,2116955,,,,,,Minimum Salary,2116955323,Tony Allen,allento01,CHI,2116955,,,,,,,2116955324,Damien Wilkins,wilkida02,IND,2116955,,,,,,,25000325,Omri Casspi,casspom01,GSW,2106470,,,,,,,2106470326,Mario Chalmers,chalmma01,MEM,2106407,,,,,,Minimum Salary,2106407327,Darius Miller,milleda01,NOP,2100000,2205000,,,,,MLE,2100000328,Kelly Oubre,oubreke01,WAS,2093040,3208630,,,,,1st round pick,5301670329,Juan Hernangomez,hernaju01,DEN,2076840,2166360,3321030,,,,1st Round pick,4243200330,T.J. Leaf,leaftj01,IND,2028360,2407560,2813280,4326825,,,1st Round Pick,4435920331,Tim Frazier,fraziti01,WAS,2000000,,,,,,Room exception,2000000332,Anthony Tolliver,tollian01,SAC,2000000,,,,,,,2000000333,Terry Rozier,roziete01,BOS,1988520,3050390,,,,,1st round pick,5038910334,Luke Babbitt,babbilu01,MIA,1974159,,,,,,Minimum Salary,987080335,John Collins,collijo01,ATL,1936920,2299080,2686560,4137302,,,1st Round Pick,4236000336,Anderson Varejao,varejan01,POR,1913345,1913345,1913345,1913345,,,,7653380337,Rashad Vaughn,vaughra01,NOP,1889040,,,,,,,1889040338,Tim Duncan,duncati01,SAS,1881250,1881250,,,,,,3762500339,Wade Baldwin,baldwwa01,MEM,1874400,,,,,,,1874400340,Larry Sanders,sandela01,MIL,1865547,1865547,1865547,1865547,1865547,,,9327735341,Harry Giles,gilesha01,SAC,1859400,2207040,2578800,3976510,,,1st Round Pick,4066440342,Sam Dekker,dekkesa01,LAC,1794600,2760095,,,,,1st Round pick,4554695343,Terrance Ferguson,fergute01,OKC,1785000,2118840,2475840,3944013,,,1st Round Pick,3903840344,Henry Ellenson,ellenhe01,DET,1780800,1857480,2856804,,,,1st Round pick,3638280345,Eric Moreland,moreler01,DET,1739333,1826300,1913267,,,,MLE,1739333346,Jerian Grant,grantje02,CHI,1713840,2639314,,,,,1st Round pick,1713840347,Jarrett Allen,allenja01,BRK,1713720,2034120,2376840,3909902,,,1st Round Pick,3747840348,Mike Scott,scottmi01,WAS,1709538,,,,,,Minimum Salary,1709538349,Tyler Zeller,zellety01,MIL,1709538,1933941,,,,,,1709538350,Quincy Acy,acyqu01,BRK,1709538,,,,,,,351,Malik Beasley,beaslma01,DEN,1700640,1773840,2731714,,,,1st Round pick,3474480352,Mike Dunleavy,dunlemi02,ATL,1662500,,,,,,,1662500353,Delon Wright,wrighde01,TOR,1645200,2536898,,,,,1st Round pick,4182098354,OG Anunoby,anunoog01,TOR,1645200,1952760,2281800,3872215,,,1st Round Pick,3597960355,Ante Zizic,zizican01,CLE,1645200,1952760,2281800,3872215,,,1st Round Pick,3597960356,Caris LeVert,leverca01,BRK,1632480,1702800,2625718,,,,1st Round pick,3335280357,Nik Stauskas,stausni01,POR,1621415,,,,,,Minimum Salary,1621415358,Justin Anderson,anderju01,PHI,1579440,2516048,,,,,1st Round pick,4095488359,Tyler Lydon,lydonty01,DEN,1579440,1874640,2190720,,,,1st Round Pick,3454080360,Jeff Withey,witheje01,DAL,1577320,1795015,,,,,,350000361,Ian Clark,clarkia01,NOP,1577230,,,,,,Minimum Salary,3286768362,Shabazz Muhammad,muhamsh01,MIN,1577230,1795015,,,,,,1577230363,Willie Reed,reedwi02,CHI,1577230,,,,,,,1577230364,DeAndre Liggins,liggide01,MIL,1577230,,,,,,,365,DeAndre' Bembry,bembrde01,ATL,1567200,1634640,2603982,,,,1st Round pick,3201840366,Jerami Grant,grantje01,OKC,1524305,,,,,,Draft Pick,18892305367,Joffrey Lauvergne,lauvejo01,SAS,1524305,,,,,,,1524305368,Johnny O'Bryant,obryajo01,NYK,1524305,,,,,,,1524305369,Tyler Ennis,ennisty01,LAL,1524305,1656092,,,,,Minimum Salary,1524305370,Julyan Stone,stoneju01,CHO,1524305,1656092,,,,,Minimum Salary,1524305371,Sean Kilpatrick,kilpase01,BRK,1524305,,,,,,,1524305372,Spencer Dinwiddie,dinwisp01,BRK,1524305,1656092,,,,,Minimum Salary,1524305373,Joe Harris,harrijo01,BRK,1524305,,,,,,Minimum Salary,1524305374,Shane Larkin,larkish01,BOS,1524305,,,,,,Minimum Salary,1524305375,Glenn Robinson,robingl02,IND,1524305,,,,,,,376,Bobby Brown,brownbo02,HOU,1524305,,,,,,,377,Bobby Portis,portibo01,CHI,1516320,2494346,,,,,1st Round pick,4010666378,Malachi Richardson,richama01,TOR,1504560,1569360,2581597,,,,1st Round pick,3073920379,Arron Afflalo,afflaar01,SAC,1500000,,,,,,,1500000380,Nikola Jokic,jokicni01,DEN,1471382,,,,,,,149181432381,Norman Powell,powelno01,TOR,1471382,9367200,10116576,10865952,11615328,,Cap Space,31821110382,Josh Richardson,richajo01,MIA,1471382,9300000,10100000,10800000,11600000,,Minimum Salary,31671382383,Rondae Hollis-Jefferson,holliro01,BRK,1471382,2470357,,,,,1st Round pick,3941739384,Tyus Jones,jonesty01,MIN,1471382,2444053,,,,,1st Round pick,3915435385,Jarell Martin,martija01,MEM,1471382,2416222,,,,,1st Round pick,3887604386,Larry Nance,nancela02,CLE,1471382,2272391,,,,,1st Round pick,3743773387,Raul Neto,netora01,UTA,1471382,,,,,,,3621382388,Troy Williams,willitr02,HOU,1471382,1544951,1676735,,,,,2085087389,Chris McCullough,mcculch01,WAS,1471382,,,,,,1st Round pick,1471382390,Pat Connaughton,connapa01,POR,1471382,,,,,,Minimum Salary,1471382391,Richaun Holmes,holmeri01,PHI,1471382,1600520,,,,,Cap Space,1471382392,T.J. McConnell,mccontj01,PHI,1471382,1600520,,,,,Minimum Salary,1471382393,Josh Huestis,huestjo01,OKC,1471382,,,,,,,1471382394,Jordan Mickey,mickejo01,MIA,1471382,,,,,,Minimum Salary,1471382395,Montrezl Harrell,harremo01,LAC,1471382,,,,,,,1471382396,Joe Young,youngjo01,IND,1471382,,,,,,Cap Space,1471382397,Kevon Looney,looneke01,GSW,1471382,,,,,,1st Round pick,1471382398,Salah Mejri,mejrisa01,DAL,1471382,,,,,,Minimum Salary,1471382399,Caleb Swanigan,swanica01,POR,1465920,1740000,2033160,3665787,,,1st Round Pick,3205920400,Furkan Korkmaz,korkmfu01,PHI,1465920,1740000,2033160,3665787,,,1st Round Pick,3205920401,Willy Hernangomez,hernawi01,CHO,1435750,1544951,1701735,,,,Cap Space,2980701402,Kyle Kuzma,kuzmaky01,LAL,1423560,1689840,1974600,3562178,,,1st Round Pick,3113400403,Tony Bradley,bradlto01,UTA,1414920,1679520,1962360,3542060,,,1st Round Pick,3094440404,Derrick White,whitede01,SAS,1404600,1667160,1948080,3516284,,,1st Round Pick,3071760405,Josh Hart,hartjo01,LAL,1394520,1655160,1934160,3491159,,,1st Round Pick,3049680406,Timothe Luwawu-Cabarrot,luwawti01,PHI,1386600,1544951,2529684,,,,1st Round pick,2931551407,Kevin Martin,martike02,MIN,1360305,1360305,,,,,,2720610408,Brice Johnson,johnsbr02,MEM,1331160,,,,,,,1331160409,Fred VanVleet,vanvlfr01,TOR,1312611,,,,,,Minimum Salary,18000000410,Pascal Siakam,siakapa01,TOR,1312611,1544951,2351839,,,,1st Round pick,2857562411,Dejounte Murray,murrade01,SAS,1312611,1544951,2321735,,,,1st Round pick,2857562412,Skal Labissiere,labissk01,SAC,1312611,1544951,2338847,,,,1st Round pick,2857562413,Malcolm Brogdon,brogdma01,MIL,1312611,1544951,,,,,Cap Space,2857562414,A.J. Hammons,hammoaj01,MIA,1312611,1544951,,,,,,2857562415,Rodney McGruder,mcgruro01,MIA,1312611,1544951,,,,,Minimum Salary,2857562416,Deyonta Davis,davisde01,MEM,1312611,1544951,,,,,Cap Space,2857562417,Ivica Zubac,zubaciv01,LAL,1312611,1544951,,,,,Cap Space,2857562418,Chinanu Onuaku,onuakch01,HOU,1312611,1544951,,,,,Minimum Salary,2857562419,Damian Jones,jonesda03,GSW,1312611,1544951,2305057,,,,1st Round pick,2857562420,Wayne Selden,seldewa01,MEM,1312611,1544951,,,,,,2085087421,Cheick Diallo,diallch01,NOP,1312611,1544951,,,,,Minimum Salary,1812611422,Joel Bolomboy,bolomjo01,UTA,1312611,,,,,,,1312611423,Bryn Forbes,forbebr01,SAS,1312611,,,,,,Minimum Salary,1312611424,Davis Bertans,bertada01,SAS,1312611,,,,,,Minimum Salary,1312611425,Jake Layman,laymaja01,POR,1312611,1544951,,,,,Cap Space,1312611426,Tyler Ulis,ulisty01,PHO,1312611,1544951,1676735,,,,Cap Space,1312611427,Marcus Georges-Hunt,georgma01,MIN,1312611,,,,,,Minimum Salary,1312611428,Andrew Harrison,harrian01,MEM,1312611,1544951,,,,,Cap Space,1312611429,Patrick McCaw,mccawpa01,GSW,1312611,,,,,,Minimum Salary,1312611430,Dorian Finney-Smith,finnedo01,DAL,1312611,1544951,,,,,Minimum Salary,1312611431,Yogi Ferrell,ferreyo01,DAL,1312611,,,,,,Minimum Salary,1312611432,Treveon Graham,grahatr01,CHO,1312611,,,,,,Minimum Salary,1312611433,Paul Zipser,zipsepa01,CHI,1312611,1544951,1676735,,,,Cap Space,1312611434,David Nwaba,nwabada01,CHI,1312611,,,,,,Minimum Salary,1312611435,Isaiah Whitehead,whiteis01,BRK,1312611,1544951,1676735,,,,Cap Space,1312611436,Nicolas Brussino,brussni01,ATL,1312611,,,,,,,1312611437,Diamond Stone,stonedi01,ATL,1312611,,,,,,,1312611438,Sheldon Mac,mcclesh01,ATL,1312611,,,,,,,1312611439,Okaro White,whiteok01,ATL,1312611,,,,,,,1312611440,Isaiah Taylor,taylois01,ATL,1312611,1544951,,,,,Minimum Salary,1312611441,Kay Felder,feldeka01,CHI,1312611,1544951,,,,,,456529442,Derrick Jones,jonesde02,PHO,1312611,,,,,,,443,Chasson Randle,randlch01,NYK,1312611,,,,,,,444,Stephen Zimmerman,zimmest01,LAL,1312611,,,,,,,445,Semi Ojeleye,ojelese01,BOS,1291892,1378242,1618520,1752950,,,,2193857446,Frank Mason,masonfr01,SAC,1184385,1378242,1618520,,,,,2562627447,Abdel Nader,naderab01,BOS,1167333,1378242,1618520,1752950,,,,1617333448,Damyean Dotson,dotsoda01,NYK,1100000,1378242,1618520,,,,Minimum Salary,2478242449,Paul Pierce,piercpa01,LAC,1096080,,,,,,,1096080450,Isaiah Canaan,canaais01,PHO,1069308,,,,,,,1069308451,Wesley Iwundu,iwundwe01,ORL,1050000,1378242,1618520,,,,,2428242452,Livio Jean-Charles,jeancli01,SAS,1035200,,,,,,,1035200453,Justin Hamilton,hamilju01,TOR,1000000,1000000,1000000,,,,,3000000454,Gerald Henderson,hendege02,PHI,1000000,,,,,,,1000000455,Rade Zagorac,zagorra01,MEM,950000,1378242,,,,,,2328242456,Ivan Rabb,rabbiv01,MEM,950000,1378242,1618520,,,,MLE,2328242457,Ike Anigbogu,anigbik01,IND,950000,1378242,1618520,,,,Cap space,1640000458,Gerald Green,greenge01,HOU,947248,,,,,,Minimum Salary,3341135459,Jason Thompson,thompja02,GSW,945126,945126,,,,,,1890252460,Martell Webster,webstma02,WAS,830000,830000,,,,,,1660000461,Frank Jackson,jacksfr01,NOP,815615,1378242,1618520,,,,MLE,2699857462,Jordan Bell,belljo01,GSW,815615,1378252,,,,,Minimum Salary,2193867463,Khem Birch,birchkh01,ORL,815615,1378242,,,,,Minimum Salary,2193857464,Dakari Johnson,johnsda04,OKC,815615,1378242,,,,,,2193857465,Sterling Brown,brownst02,MIL,815615,1378242,1618520,,,,MLE,2193857466,Dillon Brooks,brookdi01,MEM,815615,1378242,1618520,,,,MLE,2193857467,Jawun Evans,evansja01,LAC,815615,1378242,1618520,,,,MLE,2193857468,Sindarius Thornwell,thornsi01,LAC,815615,1378242,1618520,,,,MLE,2193857469,Dwayne Bacon,bacondw01,CHO,815615,1378242,1618520,,,,MLE,2193857470,Tyler Dorsey,dorsety01,ATL,815615,1378242,,,,,Minimum Salary,2193857471,Davon Reed,reedda01,PHO,815615,1378242,1618520,,,,Minimum Salary,1504736472,Royce O'Neale,onealro01,UTA,815615,1378242,1618520,,,,Cap space,815615473,Alfonzo McKinnie,mckinal01,TOR,815615,1378242,,,,,Minimum Salary,815615474,Brandon Paul,paulbr01,SAS,815615,1378242,,,,,Minimum Salary,815615475,Thomas Bryant,bryanth01,LAL,815615,1378242,,,,,Minimum Salary,815615476,Zhou Qi,qizh01,HOU,815615,1378242,1618520,1752950,,,MLE,815615477,Maxi Kleber,klebima01,DAL,815615,1378242,,,,,Minimum Salary,815615478,Daniel Theis,theisda01,BOS,815615,1378242,,,,,Minimum Salary,815615479,Sean Kilpatrick,kilpase01,MIL,789725,,,,,,,789725480,Trey Burke,burketr01,NYK,784160,1795015,,,,,Minimum Salary,784160481,Alex Poythress,poythal01,IND,778668,1544951,,,,,Two-Way Converted,778668482,Marco Belinelli,belinma01,PHI,776217,,,,,,,483,Joe Johnson,johnsjo02,HOU,749905,,,,,,,484,Dwight Buycks,buyckdw01,DET,748160,,,,,,Two-Way Converted,748160485,Tyler Cavanaugh,cavanty01,ATL,679919,1378242,,,,,,729919486,Carlos Delfino,delfica01,LAC,650000,650000,,,,,,1300000487,Caron Butler,butleca01,SAC,517220,517220,,,,,,1034440488,Jordan Farmar,farmajo01,LAC,510921,,,,,,,510921489,Ersan Ilyasova,ilyaser01,PHI,502328,,,,,,,490,Leandro Barbosa,barbole01,PHO,500000,,,,,,,500000491,Tibor Pleiss,pleisti01,PHI,500000,,,,,,,500000492,Michael Gbinije,gbinimi01,DET,500000,,,,,,,500000493,Aaron Gray,grayaa01,DET,452059,,,,,,,452059494,Festus Ezeli,ezelife01,POR,333334,333333,333333,,,,,1000000495,C.J. Watson,watsocj01,ORL,333334,333333,333333,,,,,1000000496,Gal Mekel,mekelga01,DAL,315760,,,,,,,315760497,Miroslav Raduljica,radulmi01,LAC,300000,300000,,,,,,600000498,Cameron Oliver,oliveca01,HOU,300000,,,,,,,300000499,Ramon Sessions,sessira01,WAS,263124,,,,,,,500,Jordan Crawford,crawfjo02,NOP,250000,,,,,,,250000501,Emeka Okafor,okafoem01,NOP,239204,,,,,,,239204502,Brandon Jennings,jennibr01,MIL,238020,,,,,,,503,Wade Baldwin,baldwwa01,POR,222476,,,,,,,504,Isaiah Canaan,canaais01,CHI,200000,,,,,,,200000505,Rakeem Christmas,chrisra01,IND,172552,,,,,,,172552506,DeAndre Liggins,liggide01,NOP,172238,,,,,,,172238507,Sean Kilpatrick,kilpase01,LAC,172238,,,,,,,508,Rashad Vaughn,vaughra01,ORL,166258,,,,,,,509,David Stockton,stockda01,UTA,148318,,,,,,,510,Troy Williams,willitr02,NYK,148318,,,,,,,511,Larry Drew,drewla02,NOP,148318,,,,,,,512,Travis Wear,weartr01,LAL,148318,,,,,,,513,Carrick Felix,felixca01,WAS,140902,,,,,,,140902514,Brandon Rush,rushbr01,POR,119602,,,,,,,515,Jeremy Evans,evansje01,ATL,104059,,,,,,,50000516,Derrick Williams,willide02,LAL,104059,,,,,,,517,K.J. McDaniels,mcdankj01,TOR,100000,,,,,,,100000518,Marshall Plumlee,plumlma02,NYK,100000,,,,,,,100000519,Georges Niang,niangge01,IND,100000,,,,,,,100000520,Quinn Cook,cookqu01,ATL,100000,,,,,,,100000521,Demetrius Jackson,jacksde01,BOS,92858,92857,92857,92857,92857,,,650000522,Kyle Collinsworth,colliky01,DAL,92160,,,,,,,142160523,Josh Gray,grayjo01,PHO,92160,,,,,,,92160524,Naz Mitrou-Long,mitrona01,UTA,92160,,,,,,,50000525,Nigel Hayes,hayesni01,TOR,92160,,,,,,,526,Shaquille Harrison,harrish01,PHO,92160,,,,,,,527,Rodney Purvis,purviro01,ORL,92160,,,,,,,528,Walt Lemon Jr.,lemonwa01,NOP,92160,,,,,,,529,Jaylen Morris,morrija01,ATL,92160,,,,,,,530,Antonius Cleveland,clevean01,ATL,92160,,,,,,,531,Damion Lee,leeda03,ATL,92160,,,,,,,532,Mike James,jamesmi02,PHO,87552,,,,,,,87552533,MarShon Brooks,brookma01,MEM,86119,,,,,,,534,Jarell Eddie,eddieja01,BOS,83129,,,,,,,83129535,Jarell Eddie,eddieja01,CHI,83129,,,,,,,17224536,Marquis Teague,teaguma01,MEM,83129,,,,,,,537,Briante Weber,weberbr01,MEM,83129,,,,,,,538,Aaron Harrison,harriaa01,DAL,83129,,,,,,,539,Demetrius Jackson,jacksde01,HOU,74159,,,,,,,124159540,Georgios Papagiannis,papagge01,POR,74159,,,,,,,541,Scotty Hopson,hopsosc01,DAL,74159,,,,,,,542,Okaro White,whiteok01,CLE,74159,,,,,,,543,Xavier Silas,silasxa01,BOS,74159,,,,,,,544,Isaiah Canaan,canaais01,HOU,53465,,,,,,,53465545,Tyler Cavanaugh,cavanty01,ATL,50000,,,,,,,729919546,Kyle Collinsworth,colliky01,DAL,50000,,,,,,,142160547,Demetrius Jackson,jacksde01,HOU,50000,,,,,,,124159548,Michael Young,youngmi02,WAS,50000,,,,,,,50000549,Daniel Ochefu,ochefda01,WAS,50000,,,,,,,50000550,Nate Wolters,woltena01,UTA,50000,,,,,,,50000551,Naz Mitrou-Long,mitrona01,UTA,50000,,,,,,,50000552,Eric Griffin,griffer01,UTA,50000,,,,,,,50000553,Jacob Pullen,pulleja01,PHI,50000,,,,,,,50000554,James Michael McAdoo,mcadoja01,PHI,50000,,,,,,,50000555,Nigel Hayes,hayesni01,NYK,50000,,,,,,,50000556,Jalen Moore,mooreja02,MIL,50000,,,,,,,50000557,Gary Payton,paytoga02,MIL,50000,,,,,,,50000558,Matt Williams,willima05,MIA,50000,,,,,,,50000559,Vince Hunter,huntevi01,MEM,50000,,,,,,,50000560,V.J. Beachem,beachvj01,LAL,50000,,,,,,,50000561,Briante Weber,weberbr01,LAL,50000,,,,,,,50000562,Vander Blue,blueva01,LAL,50000,,,,,,,50000563,Jamil Wilson,wilsoja02,LAC,50000,,,,,,,50000564,Briante Weber,weberbr01,HOU,50000,,,,,,,50000565,Luis Montero,montelu01,DET,50000,,,,,,,50000566,Gian Clavell,clavegi01,DAL,50000,,,,,,,50000567,Antonius Cleveland,clevean01,DAL,50000,,,,,,,50000568,Diamond Stone,stonedi01,CHI,50000,,,,,,,50000569,Yakuba Ouattara,ouattya01,BRK,50000,,,,,,,50000570,Jeremy Evans,evansje01,ATL,50000,,,,,,,50000571,Nigel Hayes,hayesni01,LAL,46080,,,,,,,46080572,Xavier Rathan-Mayes,rathaxa01,MEM,46080,,,,,,,573,Trey McKinney-Jones,mckintr01,IND,46080,,,,,,,574,Le'Bryan Nash,nashle01,HOU,46080,,,,,,,575,Jameel Warney,warneja01,DAL,46080,,,,,,,576,Marcus Thornton,thornma02,CLE,46080,,,,,,,577,DeAndre Liggins,liggide01,ATL,26773,,,,,,,26773578,Quinn Cook,cookqu01,NOP,25000,,,,,,,25000579,Axel Toupane,toupaax01,NOP,25000,,,,,,,25000580,Chris Johnson,johnsch04,HOU,25000,,,,,,,25000581,Beno Udrih,udrihbe01,DET,25000,,,,,,,25000582,Joel Bolomboy,bolomjo01,MIL,22248,,,,,,,22248583,Jarell Eddie,eddieja01,CHI,17224,,,,,,,17224